source_text,target_text,source_lang,target_lang,term_keyword,detected_lang
"""Il monoblocco di vetro insulare deve essere accuratamente installato per assicurare massima efficacia termica e acustica."" (The insulating glass monobloc must be accurately installed to ensure maximum thermal and acoustic performance.)","""The insulating glass monobloc must be accurately installed to secure maximum thermal and acoustic performance.""",ita_Latn,eng_Latn,monoblocco,en
"""Il monoblocco di vetro insulare deve essere accuratamente installato per assicurare massima efficacia termica e acustica."" (The insulating glass monobloc must be accurately installed to ensure maximum thermal and acoustic performance.)","""Le monobloc de verre isolant doit être correctement installé pour assurer une performance thermique et acoustique maximale."" (The insulating glass monobloc must be correctly installed to ensure maximum thermal and acoustic performance.)",ita_Latn,fra_Latn,monoblocco,en
"""Il monoblocco di vetro insulare deve essere accuratamente installato per assicurare massima efficacia termica e acustica."" (The insulating glass monobloc must be accurately installed to ensure maximum thermal and acoustic performance.)","""El monobloc de vidrio isolante debe ser instalado con precisión para garantizar un rendimiento termico y acustico maximo."" (The insulating glass monobloc must be installed accurately to ensure maximum thermal and acoustic performance.)",ita_Latn,spa_Latn,monoblocco,en
[This monobloc window from Roverplastik ensures a high energy efficiency in the construction sector.],[This monobloc window from Roverplastik guarantees high energy efficiency in the building industry.],ita_Latn,eng_Latn,monoblocco,en
[This monobloc window from Roverplastik ensures a high energy efficiency in the construction sector.],[Cette fenêtre monobloc de Roverplastik assure une forte efficacité énergétique dans le sect,ita_Latn,fra_Latn,monoblocco,en
[This monobloc window from Roverplastik ensures a high energy efficiency in the construction sector.],"La ventana monobloque de Roverplastik ofrece excelente rendimiento termico, con un valor U de 0,8 W/(m²K).",ita_Latn,spa_Latn,monoblocco,en
[Italian Sentence],[English Technical Translation],ita_Latn,eng_Latn,monoblocco,en
[Italian Sentence],[French Technical Trans,ita_Latn,fra_Latn,monoblocco,en
[Italian Sentence],"La instalación de ventanas monobloc comienza con la preparación de la pared de apoyo, seguida por la colocación de la base en hormigón y finalmente la montaje de los monoblocs en sí mismos.",ita_Latn,spa_Latn,monoblocco,en
The butt-welded shoulder (spalla coibentata) must be precisely soldered (soldare) to the sash bar for maximum wind resistance (resistenza al vento) and best thermal efficiency (migliore efficienza termica).,The butt-wel,ita_Latn,eng_Latn,spalla coibentata,en
The butt-welded shoulder (spalla coibentata) must be precisely soldered (soldare) to the sash bar for maximum wind resistance (resistenza al vento) and best thermal efficiency (migliore efficienza termica).,L'épaule coibée doit être soudée précisement à la barre de fermeture pour assurer la plus grande résistance au vent et la meilleure efficacité thermique.,ita_Latn,fra_Latn,spalla coibentata,en
The butt-welded shoulder (spalla coibentata) must be precisely soldered (soldare) to the sash bar for maximum wind resistance (resistenza al vento) and best thermal efficiency (migliore efficienza termica).,La cintura estrella debe ser soldada precisamente a la barra de cierre para garantizar la mayor resistencia al viento y la mejor eficiencia termal.,ita_Latn,spa_Latn,spalla coibentata,en
[Italian Sentence],[English Technical Translation],ita_Latn,eng_Latn,sottobancale,en
[Italian Sentence],La fenêtre à volet à installer doit avoir des mesures précises et la position exacte du sous-solive pour assurer une efficacité thermique maximale durant l'isolation thermique.,ita_Latn,fra_Latn,sottobancale,en
[Italian Sentence],La ventana de bajante en instalación debe tener medidas precisas y la posición correcta del sótano para garantizar una eficiencia térmica máxima durante la aislación termal.,ita_Latn,spa_Latn,sottobancale,en
(Italian),(English),ita_Latn,eng_Latn,sottobancale,id
(Italian),"La fenêtre à vitres isolantes neuf doit être installée avec une précision méticuleuse sur les bancs inférieurs, assurez-vous que les bords latéraux soient parfaitement alignés.",ita_Latn,fra_Latn,sottobancale,id
(Italian),"La nueva ventana de vidrios termoislantes debe instalarse con precisión meticulosa en los bancos inferiores, asegúrate de que los bordes laterales estén perfectamente alineados.",ita_Latn,spa_Latn,sottobancale,id
[Italian Sentence],"The Roverplastik high-efficiency thermal glass window must be installed correctly, with the profiles in the right position and the sills properly covered to ensure adequate thermal insulation below.",ita_Latn,eng_Latn,sottobancale,en
[Italian Sentence],"La fenêtre à verre isolant haute performance de Roverplastik doit être installée correctement, avec les profilés dans la position correcte et les bancs de façon à assurer une isolation thermique adéquate sous-banquette.",ita_Latn,fra_Latn,sottobancale,en
[Italian Sentence],"La ventana de vidrio isolante de alto rendimiento de Roverplastik debe instalarse correctamente, con perfiles en la posición correcta y bancas de manera de garantizar una aislamiento termico adecuado debajo.",ita_Latn,spa_Latn,sottobancale,en
(Italian),"(English) The modern-style Roverplastik window with a view must be installed accurately, ensuring correct thermal contact between the glass and the underlying substructure.",ita_Latn,eng_Latn,sottobancale,id
(Italian),(French) La fenêtre à vue de style moder,ita_Latn,fra_Latn,sottobancale,id
(Italian),"La ventana moderna de Roverplastik a vista debe instalarse con cuidado, garantizando un buen contacto termal entre el vidrio y la estructura bajo-bancal.",ita_Latn,spa_Latn,sottobancale,id
(Italian sentence for window installation instruction),(English technical translation),ita_Latn,eng_Latn,sottobancale,en
(Italian sentence for window installation instruction),"La fenêtre à vide Roverplastik à haute efficacité thermique doit être installée avec précision, avec des profils de montage sous-sol en bas du mur.",ita_Latn,fra_Latn,sottobancale,en
(Italian sentence for window installation instruction),"La ventana vaciada Roverplastik de alta eficiencia termal debe instalarse con precisión, con perfiles de montaje debajo de la pared.",ita_Latn,spa_Latn,sottobancale,en
"The quadruple-folding aluminum-wrapped window ensures the highest thermal and acoustic efficiency, with the best insulation and sound reduction. (For installation instructions)",To,ita_Latn,eng_Latn,avvolgibile in alluminio,en
"The quadruple-folding aluminum-wrapped window ensures the highest thermal and acoustic efficiency, with the best insulation and sound reduction. (For installation instructions)","La fenêtre à pliage quadruple revêtue d'aluminium offre la plus grande efficacité thermique et acoustique, assurant la meilleure isolation thermique et la réduction du bruit.",ita_Latn,fra_Latn,avvolgibile in alluminio,en
"The quadruple-folding aluminum-wrapped window ensures the highest thermal and acoustic efficiency, with the best insulation and sound reduction. (For installation instructions)","La ventana doble pliegue revestida de aluminio ofrece la mayor eficiencia térmica y acústica, asegurando la mejor aislamiento térmico y la reducción del ruido.",ita_Latn,spa_Latn,avvolgibile in alluminio,en
[Italian Sentence],[English Technical Translation],ita_Latn,eng_Latn,avvolgibile in alluminio,en
[Italian Sentence],La fenêtre à glissière recouverte d'aluminium doit être solidement associée au profil d'ancrage pour assurer une efficacité thermique et acoustique maximale.,ita_Latn,fra_Latn,avvolgibile in alluminio,en
[Italian Sentence],La ventana de desplazamiento recubierta de aluminio debe ser estrechamente acoplada al perfil de anclaje para garantizar una eficacia térmica y acústica máxima.,ita_Latn,spa_Latn,avvolgibile in alluminio,en
"""La finestra con chiusura oscurante deve essere installata con estrema precauzione, poiché l'efficacia termica dipende fortemente dalla corretta chiusura completa."" (The window with obscure closing must be installed with the utmost care, because its thermal efficiency strongly depends on the complete and correct obscure closing.)","""The window with obscure closing must be installed with utmost care as its thermal efficiency largely relies on the complete and correct obscure closing.""",ita_Latn,eng_Latn,chiusura oscurante,en
"""La finestra con chiusura oscurante deve essere installata con estrema precauzione, poiché l'efficacia termica dipende fortemente dalla corretta chiusura completa."" (The window with obscure closing must be installed with the utmost care, because its thermal efficiency strongly depends on the complete and correct obscure closing.)","""La fenêtre à fermeture occlusante doit être installée avec une grande précaution car sa performance thermique dépend fortement de la bonne fermeture complète."" (The window with obscure closing must be installed with great care, as its thermal performance heavily relies on the complete and correct obscure closing.)",ita_Latn,fra_Latn,chiusura oscurante,en
"""La finestra con chiusura oscurante deve essere installata con estrema precauzione, poiché l'efficacia termica dipende fortemente dalla corretta chiusura completa."" (The window with obscure closing must be installed with the utmost care, because its thermal efficiency strongly depends on the complete and correct obscure closing.)","""La ventana con clausura oculta debe ser instalada con mucha precaución, ya que su eficiencia termal depende en gran medida de la buena clausura completa."" (The window with obscure closing must",ita_Latn,spa_Latn,chiusura oscurante,en
"(The window with obscure closing should be installed with extreme precision to ensure maximum thermal and acoustic performance, minimizing heat loss and external noise.)","The window with obscure closing must be installed with extreme accuracy to ensure maximum thermal and acoustic performance, minimizing heat loss and external noise.",ita_Latn,eng_Latn,chiusura oscurante,en
"(The window with obscure closing should be installed with extreme precision to ensure maximum thermal and acoustic performance, minimizing heat loss and external noise.)","La fenêtre à fermeture occulte doit être installée avec une extrême précision pour assurer une performance thermique et acoustique maximales, en réduisant au minimum les pertes de chaleur et le bruit extérieur.",ita_Latn,fra_Latn,chiusura oscurante,en
"(The window with obscure closing should be installed with extreme precision to ensure maximum thermal and acoustic performance, minimizing heat loss and external noise.)","La ventana con cerradura oscura debe instalarse con una extrema precisión para garantizar un rendimiento termico y acustico maximo, minimizando las pérdidas de calor y el ruido externo.",ita_Latn,spa_Latn,chiusura oscurante,en
"""Il nodo primario del sistema di chiusura delle finestre deve essere accuratamente assemblato e verificato per assicurare la massima efficienza termica e l'isolamento acustico."" (The primary node of the closing system for windows must be carefully assembled and checked to ensure maximum thermal efficiency and acoustic insulation.)","""The primary node of the window closing system assembly must be accurately performed and verified to ensure maximum thermal efficiency and acoustic insulation.""",ita_Latn,eng_Latn,nodo primario,en
"""Il nodo primario del sistema di chiusura delle finestre deve essere accuratamente assemblato e verificato per assicurare la massima efficienza termica e l'isolamento acustico."" (The primary node of the closing system for windows must be carefully assembled and checked to ensure maximum thermal efficiency and acoustic insulation.)","""Le nœud primaire du système de fermeture des fenêtres doit être exécuté et vérifié avec soin pour assurer une efficacité thermique et acoustique maximale."" (The primary node of the window closing system must be executed and checked carefully to ensure maximum thermal efficiency and acoustic insulation.)",ita_Latn,fra_Latn,nodo primario,en
"""Il nodo primario del sistema di chiusura delle finestre deve essere accuratamente assemblato e verificato per assicurare la massima efficienza termica e l'isolamento acustico."" (The primary node of the closing system for windows must be carefully assembled and checked to ensure maximum thermal efficiency and acoustic insulation.)","""El nodo primario del sistema de cierre de las ventanas debe ser ejecutado y comprobarse con precaución para garantizar una eficiencia termal y acústica máxima."" (The primary node of",ita_Latn,spa_Latn,nodo primario,en
"[Italian explanation of ""nodo primario""]",[English explanation,ita_Latn,eng_Latn,nodo primario,en
"[Italian explanation of ""nodo primario""]","La connexion du nœud primaire du système de fermeture au châssis de la fenêtre doit être effectuée avec soin et précision, garantissant que le nœud primaire reste solidement fixé pendant l'installation.",ita_Latn,fra_Latn,nodo primario,en
"[Italian explanation of ""nodo primario""]","La conexión del nodo primario del sistema de cerramiento en el marco de la ventana debe realizarse con precisión y cuidado, asegurándose de que el nodo primario quede suelto y fijo durante la instalación.",ita_Latn,spa_Latn,nodo primario,en
"(Italian sentence with the term ""nodo secondario"")",(English technical translation),ita_Latn,eng_Latn,nodo secondario,en
"(Italian sentence with the term ""nodo secondario"")",(French technical translation),ita_Latn,fra_Latn,nodo secondario,en
"(Italian sentence with the term ""nodo secondario"")",(Spanish technical translation),ita_Latn,spa_Latn,nodo secondario,en
[Italian Sentence],[English Technical Translation],ita_Latn,eng_Latn,controtelaio,en
[Italian Sentence],[French Technical Translation],ita_Latn,fra_Latn,controtelaio,en
[Italian Sentence],[Spanish Technical Translation],ita_Latn,spa_Latn,controtelaio,en
[Italian Sentence],[English Technical Translation,ita_Latn,eng_Latn,controtelaio,en
[Italian Sentence],"La fenêtre haute performance énergétique de Roverplastik doit être installée avec soin, surtout lors de la connexion du contrechambranement, pour assurer une isolation thermique et acoustique adéquate.",ita_Latn,fra_Latn,controtelaio,en
[Italian Sentence],"La ventana de Roverplastik de alta eficiencia energética debe instalarse con cuidado, en especial durante la conexión del controtelaio, para garantizar una aislación térmica y acústica adecuada.",ita_Latn,spa_Latn,controtelaio,en
"(This translates to ""The moisture barrier of our high-energy-efficient vacuum windows is made of a modern and resistant material, ensuring excellent thermal insulation."")","The moisture barrier of our high-energy-efficient vacuum windows is made of a modern and resistant material, ensuring excellent thermal insulation.",ita_Latn,eng_Latn,barriera al vapore,en
"(This translates to ""The moisture barrier of our high-energy-efficient vacuum windows is made of a modern and resistant material, ensuring excellent thermal insulation."")","La barrière à vapeur de nos fenêtres à vide de haute efficacité énergétique est faite d'un matériau moderne et résistant, assurant une excellente isolation thermique.",ita_Latn,fra_Latn,barriera al vapore,en
"(This translates to ""The moisture barrier of our high-energy-efficient vacuum windows is made of a modern and resistant material, ensuring excellent thermal insulation."")","La barrera al vapor de nuestras ventanas a vacío de alta eficiencia energética está hecha de un moderno y resistente material, asegurando una excelente aislamiento termico.",ita_Latn,spa_Latn,barriera al vapore,en
The installation of thermally insulating windows requires the creation of a suitable moisture barrier to prevent the transfer of moisture into the interior,The installation of thermally insulating windows requires the creation of an adequate moisture barrier to prevent the transfer of moisture into the interior and ensure maximum thermal efficiency.,ita_Latn,eng_Latn,barriera al vapore,en
The installation of thermally insulating windows requires the creation of a suitable moisture barrier to prevent the transfer of moisture into the interior,L'installation de fenêtres isolantes thermiques exige la création d'une barrière adaptée à l'humidité pour empêcher la migration de l'humidité vers l'intérieur et garantir la plus grande efficacité thermique.,ita_Latn,fra_Latn,barriera al vapore,en
The installation of thermally insulating windows requires the creation of a suitable moisture barrier to prevent the transfer of moisture into the interior,La instalación de ventanas termoinsuladas requiere la creación de una barrera adecuada al agua para impedir la transferencia de agua a interiores y garantizar la máxima eficiencia termal.,ita_Latn,spa_Latn,barriera al vapore,en
"""La barriera al vapore incorporata nella finestra nuova deve essere esattamente congiunga con la barriera esistente per assicurare l'efficienza termica massima."" (The vapor barrier integrated into the new window should be exactly connected to the existing barrier to ensure maximum thermal efficiency.)","""The new window's vapor barrier must be perfectly connected to the existing barrier to secure maximum thermal efficiency.""",ita_Latn,eng_Latn,barriera al vapore,en
"""La barriera al vapore incorporata nella finestra nuova deve essere esattamente congiunga con la barriera esistente per assicurare l'efficienza termica massima."" (The vapor barrier integrated into the new window should be exactly connected to the existing barrier to ensure maximum thermal efficiency.)","""La barrière à vapeur intégrée dans la nouvelle fenêtre doit être parfaitement connectée à la barrière existante pour assurer une efficacité thermique maximale."" (La nouvelle fenêtre doit avoir une barrière à vapeur intégrée qui soit parfaitement connectée à la barrière existante pour assurer une efficacité thermique maximale.)",ita_Latn,fra_Latn,barriera al vapore,en
"""La barriera al vapore incorporata nella finestra nuova deve essere esattamente congiunga con la barriera esistente per assicurare l'efficienza termica massima."" (The vapor barrier integrated into the new window should be exactly connected to the existing barrier to ensure maximum thermal efficiency.)","""La capa de vapor integrada en la nueva ventana debe ser perfectamente conectada con la capa existente para garantizar una eficiencia termal máxima."" (La nueva ventana de",ita_Latn,spa_Latn,barriera al vapore,en
"La barriera al vapore de nuestras finestre termicamente innovativas garantiza una elevada eficiencia termica, evitando la infiltración de vapor y manteniendo una diferencia de presión constante entre el interior y el exterior.",The moisture barrier of our thermally innovative windows ensures high thermal efficiency by preventing the infiltration of steam and maintaining a constant pressure difference between the interior and exterior.,ita_Latn,eng_Latn,barriera al vapore,es
"La barriera al vapore de nuestras finestre termicamente innovativas garantiza una elevada eficiencia termica, evitando la infiltración de vapor y manteniendo una diferencia de presión constante entre el interior y el exterior.",La barrière à vapeur de nos fenêtres thermiquement innovantes assure une efficacité thermique élevée en empêchant l'infiltration de vapeur et en maintenant une différence de pression constante entre l'intérieur et l'extérieur.,ita_Latn,fra_Latn,barriera al vapore,es
"La barriera al vapore de nuestras finestre termicamente innovativas garantiza una elevada eficiencia termica, evitando la infiltración de vapor y manteniendo una diferencia de presión constante entre el interior y el exterior.",La barrera a vapor de nuestras ventanas termalmente innovadoras garantiza una alta eficiencia termodinámica al impidir la infiltración de vapor y manteniendo una diferencia de presión constante entre el interior y el exterior.,ita_Latn,spa_Latn,barriera al vapore,es
"(Italian sentence to address the thermal expansion of windows during installation: To ensure proper window performance and energy efficiency, correctly install the self-expanding belt at each joint.)","(English technical translation: To ensure proper window performance and energy efficiency, self-expanding belt must be installed correctly at every joint.)",ita_Latn,eng_Latn,nastro autoespandente,en
"(Italian sentence to address the thermal expansion of windows during installation: To ensure proper window performance and energy efficiency, correctly install the self-expanding belt at each joint.)",(French,ita_Latn,fra_Latn,nastro autoespandente,en
"(Italian sentence to address the thermal expansion of windows during installation: To ensure proper window performance and energy efficiency, correctly install the self-expanding belt at each joint.)","Para hacer frente a la expansión termal de las ventanas durante la instalación, es importante asegurarnos de colocar correctamente la cinta autoexpandible en cada unión.",ita_Latn,spa_Latn,nastro autoespandente,en
The installation of energy-efficient thermal windows requires the use of specific mounting screws to,The installation of energy-efficient thermal windows requires the use of specific mounting screws to ensure a reliable locking system and optimal thermal contact between the frame and the window.,ita_Latn,eng_Latn,vite di fissaggio,en
The installation of energy-efficient thermal windows requires the use of specific mounting screws to,L'installation de fenêtres thermiquement efficaces exige l'utilisation de vis de fixation spécifiques pour assurer un système de verrouillage fiable et un contact thermique optimal entre le cadre et la fenêtre.,ita_Latn,fra_Latn,vite di fissaggio,en
The installation of energy-efficient thermal windows requires the use of specific mounting screws to,La instalación de ventanas termalmente eficientes requiere el uso de taczas de fijación específicas para garantizar un sistema de fijación seguro y un contacto térmico óptimo entre el marco y la ventana.,ita_Latn,spa_Latn,vite di fissaggio,en
"The thermally insulated glass window, installed on a thick wall, must be connected to a thermal bridge to ensure thermal continuity and maximum","The thermally insulated glass window, installed on a thick wall, must be connected to a thermal bridge to ensure thermal continuity and maximum energy efficiency.",ita_Latn,eng_Latn,ponte termico,en
"The thermally insulated glass window, installed on a thick wall, must be connected to a thermal bridge to ensure thermal continuity and maximum","La fenêtre à verre isolant thermiquement, installée sur un mur d'épaisseur importante, doit être reliée à un pont thermique pour assurer la continuité thermique et la plus grande efficacité énergétique.",ita_Latn,fra_Latn,ponte termico,en
"The thermally insulated glass window, installed on a thick wall, must be connected to a thermal bridge to ensure thermal continuity and maximum","La ventana con vidrios termalmente aislados, instalada en un muro de espesor importante, debe estar conectada a un puente termico para garantizar la continuidad termica y la mayor eficiencia energética.",ita_Latn,spa_Latn,ponte termico,en
[Italian Sentence],[English Technical Translation],ita_Latn,eng_Latn,ponte termico,en
[Italian Sentence],[French Technical Translation],ita_Latn,fra_Latn,ponte termico,en
[Italian Sentence],"La ventana termal de Roverplastik ofrece una excelente rendimiento termal, minimizando las pérdidas de calor y maximizando el ganancias de calor durante la instalación y el uso.",ita_Latn,spa_Latn,ponte termico,en
"(This Italian sentence translates to: ""The polymer thermoplastic window with a thermal bridge offers excellent thermal insulation, ensuring high energy efficiency in construction."")","The polymer thermoplastic window with a thermal bridge offers excellent thermal insulation, ensuring high energy efficiency in construction.",ita_Latn,eng_Latn,ponte termico,en
"(This Italian sentence translates to: ""The polymer thermoplastic window with a thermal bridge offers excellent thermal insulation, ensuring high energy efficiency in construction."")","La fenêtre en plastique thermoplastique à vue, équipée d'un pont thermique, offre une excellente isolation thermique, assurant une haute efficacité énergétique dans la construction.",ita_Latn,fra_Latn,ponte termico,en
"(This Italian sentence translates to: ""The polymer thermoplastic window with a thermal bridge offers excellent thermal insulation, ensuring high energy efficiency in construction."")","La ventana de polímero termoplástico transparente con puente termico ofrece una excelente aislación térmica, garantizando una alta eficiencia energética en la construcción.",ita_Latn,spa_Latn,ponte termico,en
"La ventana de Roverplastik, con una buena rendimiento de aislamiento térmico y un buen abbattimento acustico, ofrece una solución ideal para la reducción de la propagación indeseada de sonidos.",The Roverplastik window provides an optimal solution for sound insulation with excellent thermal insulation.,ita_Latn,eng_Latn,abbattimento acustico,es
"La ventana de Roverplastik, con una buena rendimiento de aislamiento térmico y un buen abbattimento acustico, ofrece una solución ideal para la reducción de la propagación indeseada de sonidos.","La fenêtre de Roverplastik, possédant une excellente isolation thermique et",ita_Latn,fra_Latn,abbattimento acustico,es
[Italian Sentence,"The laminated low-emissivity temperature insulating glass window, with additional acoustic insulation, offers excellent sound reduction, bringing noise penetration down to acceptable levels.",ita_Latn,eng_Latn,abbattimento acustico,en
[Italian Sentence,"La fenêtre en verre laminaire à faible émissivité thermique, à isolation sonore supplémentaire, offre une excellente réduction des bruits, réduisant ainsi la pénétration du bruit jusqu'à des niveaux acceptables.",ita_Latn,fra_Latn,abbattimento acustico,en
[Italian Sentence,"La ventana de vidrio laminado de baja emisividad termica, con aislamiento acustico adicional, ofrece una excelente reduccion de ruido, reduciendo la penetracion del ruido hasta niveles aceptables.",ita_Latn,spa_Latn,abbattimento acustico,en
(Italian),"(English) The installed window must ensure superior energy efficiency levels above the legislated requirements, reducing energy consumption for heating or cooling.",ita_Latn,eng_Latn,efficienza energetica,id
(Italian),(French) La fenêtre,ita_Latn,fra_Latn,efficienza energetica,id
(Italian),"La ventana instalada debe garantizar niveles superiores de eficiencia energética sobre las exigencias reglamentarias, reduciendo el consumo de energía para calefacción o acondicionamiento.",ita_Latn,spa_Latn,efficienza energetica,id
La finestra de alta performance de Roverplastik debe mantener una tenuta all'aria solida durante la instalación para garantizar la eficiencia energética.,"The high-performance Roverplastik window must maintain a solid ""air tightness"" during installation to ensure energy efficiency.",ita_Latn,eng_Latn,tenuta all'aria,es
La finestra de alta performance de Roverplastik debe mantener una tenuta all'aria solida durante la instalación para garantizar la eficiencia energética.,La fenêtre haute performance de Roverplastik doit maintenir une étanchéité solide à l'air pendant l'installation pour assurer l'efficacité énergétique.,ita_Latn,fra_Latn,tenuta all'aria,es
La finestra de alta performance de Roverplastik debe mantener una tenuta all'aria solida durante la instalación para garantizar la eficiencia energética.,La ventana de alta rendimiento de Roverplastik debe mantener una estanqueidad sólida al aire durante la instalación para garantizar la eficiencia energética.,ita_Latn,spa_Latn,tenuta all'aria,es
The airtight seal of Roverplastik's filled glass windows ensures excellent thermal performance by keeping the contested air inside and preventing,The airtight seal of Roverplastik's filled glass windows ensures excellent thermal performance by keeping the contested air inside and preventing heat loss.,ita_Latn,eng_Latn,tenuta all'aria,en
The airtight seal of Roverplastik's filled glass windows ensures excellent thermal performance by keeping the contested air inside and preventing,La tenue à l'air de la verrière pleine de fenêtres Roverplastik assure une excellente performance thermique en maintenant l'air souhaité à l'intérieur et en empêchant la fuite de chaleur.,ita_Latn,fra_Latn,tenuta all'aria,en
The airtight seal of Roverplastik's filled glass windows ensures excellent thermal performance by keeping the contested air inside and preventing,La estanqueidad aire de las ventanas de vidrio rellenas de Roverplastik ofrece una excelente rendimiento termal al mantener el aire interno y evitando la pérdida de calor.,ita_Latn,spa_Latn,tenuta all'aria,en
(Italian),The Roverplastik insulating glass window must be installed with an adequate waterproof seal to ensure thermal insulation and hydrostatic resistance.,ita_Latn,eng_Latn,tenuta all'acqua,id
(Italian),La fenêtre en verre isolant de Roverplastik doit être installée avec une étanchéité à l'eau adéquate pour assurer l'isolation thermique et la résistance à la pression hydrostatique.,ita_Latn,fra_Latn,tenuta all'acqua,id
(Italian),La ventana de vidrio aislante de Roverplastik debe instalarse con una tapicería a prueba de agua adecuada para garantizar la aislación térmica y la resistencia a la presión hidrostática.,ita_Latn,spa_Latn,tenuta all'acqua,id
[Italian Sentence],"The high-performance Roverplastik window must be installed with care, considering the external wind load, to ensure maximum thermal efficiency and acoustic insulation.",ita_Latn,eng_Latn,carico del vento,en
[Italian Sentence],"La fenêtre haute performance de Roverplastik doit être installée avec prudence, en tenant compte du chargement du vent extérieur, pour assurer une efficacité thermique maximale et une isolation acoustique optimale.",ita_Latn,fra_Latn,carico del vento,en
[Italian Sentence],"La ventana de alto rendimiento Roverplastik debe instalarse con cuidado, teniendo en cuenta la carga del viento externa, para garantizar una eficiencia tèrmica máxima y una aislamiento acústico óptimo.",ita_Latn,spa_Latn,carico del vento,en
"La finestra de alta performance de Roverplastik debe essere installata con precauzione, tenendo conto del carico del vento, per garantire una elevada eficiencia energetica in condiciones de vientos elevados.","The Roverplastik high-performance window should be installed with care, considering wind load, to ensure high energy efficiency under high wind conditions.",ita_Latn,eng_Latn,carico del vento,es
"La finestra de alta performance de Roverplastik debe essere installata con precauzione, tenendo conto del carico del vento, per garantire una elevada eficiencia energetica in condiciones de vientos elevados.","La fenêtre haute performance de Roverplastik doit être installée avec précaution, en tenant compte du chargement du vent, pour assurer une forte efficacité énergétique dans des conditions de vents forts.",ita_Latn,fra_Latn,carico del vento,es
"La finestra de alta performance de Roverplastik debe essere installata con precauzione, tenendo conto del carico del vento, per garantire una elevada eficiencia energetica in condiciones de vientos elevados.","La ventana de alto rendimiento de Roverplastik debe instalarse con cuidado, teniendo en cuenta la carga del viento, para garantizar una alta eficiencia energética en condiciones de vientos elevados.",ita_Latn,spa_Latn,carico del vento,es
"La finestra de alta efficacia energetica de Roverplastik debe essere installata conforme alla norma EN 13051, tenendo conto del carico del vento especifico e della velocidad del viento prevista en el sitio de instalación.","The Roverplastik high energy efficiency window must be installed according to EN 13051 standard, considering the specific wind load and wind speed at the installation site.",ita_Latn,eng_Latn,carico del vento,es
"La finestra de alta efficacia energetica de Roverplastik debe essere installata conforme alla norma EN 13051, tenendo conto del carico del vento especifico e della velocidad del viento prevista en el sitio de instalación.","La fenêtre de haute efficacité énergétique de Roverplastik doit être installée en conformité avec la norme EN 13051, en tenant compte du chargement du vent spécifique et de la vitesse du vent prévue sur le site d'installation.",ita_Latn,fra_Latn,carico del vento,es
"La finestra de alta efficacia energetica de Roverplastik debe essere installata conforme alla norma EN 13051, tenendo conto del carico del vento especifico e della velocidad del viento prevista en el sitio de instalación.","La ventana de alta eficiencia energética de Roverplastik debe instalarse según la norma EN 13051, teniendo en cuenta el peso específico del viento y la velocidad del viento prevista en el sit",ita_Latn,spa_Latn,carico del vento,es
[Italian Sentence],[English Technical Translation],ita_Latn,eng_Latn,carico del vento,en
[Italian Sentence],[French Technical Translation],ita_Latn,fra_Latn,carico del vento,en
[Italian Sentence],[Spanish Technical Translation],ita_Latn,spa_Latn,carico del vento,en
"[Italian context: During the installation of the windows, it is important to ensure proper insulation, as well as to minimize the risk of condensation on the glass surfaces. The surface condensation technology",The laminated glass window with Surface Condensation Technology offers excellent thermal insulation and significantly reduces condensation on the glass surface.,ita_Latn,eng_Latn,condensa superficiale,en
"[Italian context: During the installation of the windows, it is important to ensure proper insulation, as well as to minimize the risk of condensation on the glass surfaces. The surface condensation technology",La fenêtre en verre laminaire à technologie Condensa Superficiale offre une excellente isothérapie thermique et réduit de manière notable la formation de brume sur la surface des verres.,ita_Latn,fra_Latn,condensa superficiale,en
"[Italian context: During the installation of the windows, it is important to ensure proper insulation, as well as to minimize the risk of condensation on the glass surfaces. The surface condensation technology",La ventana de vidrio laminaado con la tecnología Condensa Superficial ofrece una excelente aislamiento termal y reduce notablemente la formación de gotas sobre la superficie de los vidros.,ita_Latn,spa_Latn,condensa superficiale,en
"La finestra in vetro termico de nuestra gamma presenta una condensa superficiale minima, garantendo una elevada eficiencia termica.","Our thermally insulated window has a minimum surface condensation, ensuring high thermal efficiency.",ita_Latn,eng_Latn,condensa superficiale,es
"La finestra in vetro termico de nuestra gamma presenta una condensa superficiale minima, garantendo una elevada eficiencia termica.","La fenêtre en verre isolant de notre gamme présente une condensation superficielle minimale, assure une haute efficacité thermique.",ita_Latn,fra_Latn,condensa superficiale,es
"La finestra in vetro termico de nuestra gamma presenta una condensa superficiale minima, garantendo una elevada eficiencia termica.","La ventana de vidrio aislante de nuestra gama presenta una condensación superficial mínima, lo que garantiza una alta eficiencia termal.",ita_Latn,spa_Latn,condensa superficiale,es
(Italian sentence): The high energy efficiency window of Roverplastik must be installed with the appropriate edge insulation to ensure good thermal performance.,(English technical translation): The Roverplastik high energy efficiency window must be installed with appropriate insulation at the edge to ensure good thermal performance.,ita_Latn,eng_Latn,isolamento a cappotto,en
(Italian sentence): The high energy efficiency window of Roverplastik must be installed with the appropriate edge insulation to ensure good thermal performance.,(F,ita_Latn,fra_Latn,isolamento a cappotto,en
(Italian sentence): The high energy efficiency window of Roverplastik must be installed with the appropriate edge insulation to ensure good thermal performance.,La ventana de Roverplastik de alta eficiencia energética debe instalarse con aislamiento apego adecuado para garantizar buena rendimiento termal.,ita_Latn,spa_Latn,isolamento a cappotto,en
La finestra de velocità ridotta deve essere installata con un isolamento a cappotto per garantire il miglior risultato termico e acustico (Reduced frame windows should be installed with a capped insulation to ensure the best thermal and acoustic results).,Reduced frame windows should be installed with a capped insulation for optimal thermal and acoustic performance.,ita_Latn,eng_Latn,isolamento a cappotto,en
La finestra de velocità ridotta deve essere installata con un isolamento a cappotto per garantire il miglior risultato termico e acustico (Reduced frame windows should be installed with a capped insulation to ensure the best thermal and acoustic results).,Les fenêtres à cadre réduit doivent être installées avec un isolation intégrée pour garantir le meilleur résultat thermique et acoustique (Reduced frame windows should be installed with integrated insulation to ensure the best thermal and acoustic performance).,ita_Latn,fra_Latn,isolamento a cappotto,en
La finestra de velocità ridotta deve essere installata con un isolamento a cappotto per garantire il miglior risultato termico e acustico (Reduced frame windows should be installed with a capped insulation to ensure the best thermal and acoustic results).,Las ventanas de perfil reducido deben instalarse con aislamiento capotado para obtener el mejor rendimiento termico y acustico (Reduced frame windows should be installed with cap insulation for the best thermal and acoustic performance).,ita_Latn,spa_Latn,isolamento a cappotto,en
[,"Our aluminum window model is designed to provide excellent thermal insulation at the cap, ensuring a low heat reflection coefficient (U-value) and high thermal efficiency.",ita_Latn,eng_Latn,isolamento a cappotto,unknown
[,"La fenêtre en aluminium de notre marque est conçue pour offrir une excellente isolation thermique à l'intérieur des parois, assurant un faible coefficient de réflexion de chaleur (U-value) et une haute efficacité thermique.",ita_Latn,fra_Latn,isolamento a cappotto,unknown
[,"Nuestra ventana de aluminio del modelo está diseñada para proporcionar una excelente aislación termal a la capa interna, garantizando un bajo coeficiente de reflexión de calor (U-value) y una alta eficiencia termal.",ita_Latn,spa_Latn,isolamento a cappotto,unknown
"The installed window must have a high thermal efficiency, with a suitable edge insulation (isolamento a cappotto) to ensure maximum thermal insulation.","The installed window should have high thermal efficiency, with appropriate insulation at the edge to ensure maximum thermal insulation.",ita_Latn,eng_Latn,isolamento a cappotto,en
"The installed window must have a high thermal efficiency, with a suitable edge insulation (isolamento a cappotto) to ensure maximum thermal insulation.","La fenêtre installée doit avoir une efficacité thermique élevée, avec un isolation au manteau adaptée pour garantir la perte thermique minimale.",ita_Latn,fra_Latn,isolamento a cappotto,en
"The installed window must have a high thermal efficiency, with a suitable edge insulation (isolamento a cappotto) to ensure maximum thermal insulation.","La ventana instalada debe tener una eficiencia térmica alta, con una aislamiento en capas suficiente para garantizar la pérdida térmica mínima.",ita_Latn,spa_Latn,isolamento a cappotto,en
The installed window must ensure a high level of insulation at the envelope to achieve a low U-value and high energy efficiency.,La finestra,ita_Latn,eng_Latn,isolamento a cappotto,en
The installed window must ensure a high level of insulation at the envelope to achieve a low U-value and high energy efficiency.,La fenêtre à vue à installer doit garantir un niveau élevé d'isolation au revêtement pour obtenir un faible coefficient de diffusion de chaleur (U) et un taux d'efficacité énergétique très élevé.,ita_Latn,fra_Latn,isolamento a cappotto,en
The installed window must ensure a high level of insulation at the envelope to achieve a low U-value and high energy efficiency.,La ventana de vista instalada debe garantizar un nivel alto de aislamiento al recubrimiento para obtener un bajo valor de U y un elevado grado de eficiencia energética.,ita_Latn,spa_Latn,isolamento a cappotto,en
[Italian context] The prefabricated window is installed with great care to ensure correct insulation at the edge in order to achieve maximum thermal efficiency.,[English context] The prefabricated window is installed with great care to ensure correct edge insulation for maximum thermal efficiency.,ita_Latn,eng_Latn,isolamento a cappotto,en
[Italian context] The prefabricated window is installed with great care to ensure correct insulation at the edge in order to achieve maximum thermal efficiency.,[French context,ita_Latn,fra_Latn,isolamento a cappotto,en
[Italian context] The prefabricated window is installed with great care to ensure correct insulation at the edge in order to achieve maximum thermal efficiency.,"La ventana prefabricada debe instalarse con una atención especial para garantizar una aislación a la bordes máxima, lo que asegura la mayor eficiencia termal.",ita_Latn,spa_Latn,isolamento a cappotto,en
"[Italian context: During the installation of prefabricated windows, it is necessary to use the appropriate insulated cap (isolamento a cappotto) to ensure maximum thermal and acoustic efficiency.]","[English context: During the installation of prefabricated windows, it is necessary to use the appropriate insulated cap (insulation at the cap) to ensure maximum thermal and acoustic efficiency.]",ita_Latn,eng_Latn,isolamento a cappotto,en
"[Italian context: During the installation of prefabricated windows, it is necessary to use the appropriate insulated cap (isolamento a cappotto) to ensure maximum thermal and acoustic efficiency.]",La fenêtre préfabriquée doit être installée avec un isolation de couverture adaptée pour assurer la plus grande efficacité thermique et acoustique.,ita_Latn,fra_Latn,isolamento a cappotto,en
"[Italian context: During the installation of prefabricated windows, it is necessary to use the appropriate insulated cap (isolamento a cappotto) to ensure maximum thermal and acoustic efficiency.]",La ventana prefabricada debe instalarse con aislamiento de capa adecuado para garantizar la máxima eficiencia termal y acústica.,ita_Latn,spa_Latn,isolamento a cappotto,en
"[Italian context: During the installation of Roverplastik windows, the importance of proper joint sealing is emphasized to maintain energy efficiency and structural integrity.]","[English context: During the installation of Roverplastik windows, the importance of proper joint sealing is emphasized to maintain energy efficiency and structural integrity.]",ita_Latn,eng_Latn,sigillatura del giunto,en
"[Italian context: During the installation of Roverplastik windows, the importance of proper joint sealing is emphasized to maintain energy efficiency and structural integrity.]","[French context: Pendant l'installation de fenêtres Roverplastik, la importance de la soudure du joint est mis en évidence pour maintenir l'efficacité é",ita_Latn,fra_Latn,sigillatura del giunto,en
"[Italian context: During the installation of Roverplastik windows, the importance of proper joint sealing is emphasized to maintain energy efficiency and structural integrity.]",La soldadura de la unión debe realizarse con cuidado para garantizar un rendimiento termal óptimo de la ventana.,ita_Latn,spa_Latn,sigillatura del giunto,en
[Italian Sentence],[English Technical Translation],ita_Latn,eng_Latn,coibentazione,en
[Italian Sentence],L'installation des fenêtres doit être effectuée conformément aux spécifications techniques pour assurer une résistance maximale au déplacement et une efficacité thermique optimale.,ita_Latn,fra_Latn,coibentazione,en
[Italian Sentence],La instalación de ventanas debe realizarse de acuerdo con las especificaciones técnicas para garantizar una resistencia máxima al desplazamiento y una eficiencia termal óptima.,ita_Latn,spa_Latn,coibentazione,en
"[Italian context: During the installation process, the coibentazione of the windows is crucial for ensuring their proper alignment and achieving maximum energy efficiency.]","[English context: During the installation process, the alignment of the windows is crucial for ensuring their proper alignment and achieving maximum energy efficiency.]",ita_Latn,eng_Latn,coibentazione,en
"[Italian context: During the installation process, the coibentazione of the windows is crucial for ensuring their proper alignment and achieving maximum energy efficiency.]","[French context: Pendant le processus d'installation, l'alignement des fenêtres est crucial pour assurer une bonne alignment et atteindre",ita_Latn,fra_Latn,coibentazione,en
"[Italian context: During the installation process, the coibentazione of the windows is crucial for ensuring their proper alignment and achieving maximum energy efficiency.]",La alineación de las ventanas debe realizarse con precisión para garantizar una correcta posición y la mayor eficiencia termal.,ita_Latn,spa_Latn,coibentazione,en
The installation of thermally efficient windows must include the use of solar tunnels to maximize natural light intake and reduce electrical energy consumption.,The installation of thermally efficient windows should include the use of solar tunnels to maximize natural light intake and reduce electrical energy consumption.,ita_Latn,eng_Latn,tunnel solari,en
The installation of thermally efficient windows must include the use of solar tunnels to maximize natural light intake and reduce electrical energy consumption.,L'installation de fenêtres efficaces thermiquement doit inclure l'utilisation de tunnels solaires pour maximiser l'intake de lumière naturelle et réduire la consommation d'énergie électrique.,ita_Latn,fra_Latn,tunnel solari,en
The installation of thermally efficient windows must include the use of solar tunnels to maximize natural light intake and reduce electrical energy consumption.,La instalación de ventanas termalmente eficientes debe incluir el uso de túneles solares para maximizar la entrada de luz natural y reducir el consumo de energía eléctrica.,ita_Latn,spa_Latn,tunnel solari,en
The installation of thermal window systems with solar tunnels must be performed in accordance with local regulations to ensure maximum thermal efficiency and acoustic insulation.,The installation of thermal window systems with solar tunnels must be carried out in accordance with local regulations to ensure maximum thermal efficiency and acoustic insulation.,ita_Latn,eng_Latn,tunnel solari,en
The installation of thermal window systems with solar tunnels must be performed in accordance with local regulations to ensure maximum thermal efficiency and acoustic insulation.,L'installation de fenêtres systèmes thermiques à tunnel solaire doit être effectuée en respect des règlements locaux pour assurer une efficacité thermique maximale et une isolation acoustique optimale.,ita_Latn,fra_Latn,tunnel solari,en
The installation of thermal window systems with solar tunnels must be performed in accordance with local regulations to ensure maximum thermal efficiency and acoustic insulation.,La instalación de sistemas de ventanas termotécnicas con túneles solares debe realizarse en cumplimiento de las regulaciones locales para garantizar una eficiencia térmica máxima y una aislación acústica óptima.,ita_Latn,spa_Latn,tunnel solari,en
(Italian Sentence),(English Technical Translation),ita_Latn,eng_Latn,tunnel solari,en
(Italian Sentence),"L'installation de fenêtres à vent thermiquement efficaces doit être effectuée en respectant les règles de construction, y compris la connexion de tubes solaires pour le chauffage intérieur.",ita_Latn,fra_Latn,tunnel solari,en
(Italian Sentence),"La instalación de ventanas a viento termoeficientes debe hacerse de acuerdo con las normas de construcción, incluyendo la conexión de tuberías solares para el calentamiento doméstico.",ita_Latn,spa_Latn,tunnel solari,en
[Italian Sentence],"Roverplastik's window inframe restoration solutions offer an innovative technology, ensuring high thermal and acoustic performance.",ita_Latn,eng_Latn,soluzioni per foro finestra,en
[Italian Sentence],"Les solutions pour trous de fenêtre de Roverplastik apportent une technologie innovante pour la rénovation de fenêtres en cadre, assurant une performance thermique et acoustique élevée.",ita_Latn,fra_Latn,soluzioni per foro finestra,en
[Italian Sentence],"Las soluciones de Roverplastik para huecos de ventana ofrecen una tecnología innovadora, garantizando un alto rendimiento termico y acústico.",ita_Latn,spa_Latn,soluzioni per foro finestra,en
(Italian),(English),ita_Latn,eng_Latn,soluzioni per foro finestra,id
(Italian),Nos solutions pour les fenêtres à trou creus sont caractérisées par une économie thermique importante et assurent une installation exacte pour des fenêtres ouvertes dans des constructions à faible énergie.,ita_Latn,fra_Latn,soluzioni per foro finestra,id
(Italian),Las soluciones para vanos de ventana perforados de Roverplastik ofrecen un importante ahorro termico y garantizan una instalación precisa para las ventanas abiertas en construcciones de baja energía.,ita_Latn,spa_Latn,soluzioni per foro finestra,id
"Le soluzioni per foro finestra di Roverplastik offrono un'ottima compatibilità con le finestre a bassa emissione di calore, garantendo un'installazione sicura e efficiente. (Roverplastik's hole solutions for windows provide excellent compatibility with low-emission windows, ensuring a safe and efficient installation.)","Roverplastik's hole solutions for windows offer excellent compatibility with low-emission windows, ensuring safe and efficient installation.",ita_Latn,eng_Latn,soluzioni per foro finestra,en
"Le soluzioni per foro finestra di Roverplastik offrono un'ottima compatibilità con le finestre a bassa emissione di calore, garantendo un'installazione sicura e efficiente. (Roverplastik's hole solutions for windows provide excellent compatibility with low-emission windows, ensuring a safe and efficient installation.)","Les solutions de Roverplastik pour les trous de fenêtre offrent une excellente compatibilité avec les fenêtres à faible émission de chaleur, assurant une installation sécuritaire et efficace.",ita_Latn,fra_Latn,soluzioni per foro finestra,en
"Le soluzioni per foro finestra di Roverplastik offrono un'ottima compatibilità con le finestre a bassa emissione di calore, garantendo un'installazione sicura e efficiente. (Roverplastik's hole solutions for windows provide excellent compatibility with low-emission windows, ensuring a safe and efficient installation.)","Las soluciones de Roverplastik para los agujeros de ventana ofrecen una excelente compatibilidad con las ventanas de baja emisión de calor, asegurando una instalación segura y eficiente.",ita_Latn,spa_Latn,soluzioni per foro finestra,en
"""Le sigilli Deventer devono essere installati correttamente sulla finestreria per assicurare la massima efficacia termica e l'isolamento acustico."" (Deventer seals must be installed correctly on the window frame to ensure maximum thermal efficiency and acoustic insulation.)","""The Deventer seals must be installed correctly on the window frame to achieve maximum thermal efficiency and acoustic insulation.""",ita_Latn,eng_Latn,deventer seals,en
"""Le sigilli Deventer devono essere installati correttamente sulla finestreria per assicurare la massima efficacia termica e l'isolamento acustico."" (Deventer seals must be installed correctly on the window frame to ensure maximum thermal efficiency and acoustic insulation.)","""Les sceaux Deventer doivent être installés correctement sur le cadre de la fenêtre pour garantir une efficacité thermique maximale et une isolation acoustique optimale."" (Les sceaux Deventer doivent être installés correctement sur le cadre de la fenêtre pour garantir une efficacité thermique maximale et une isolation acoustique optimale.)",ita_Latn,fra_Latn,deventer seals,en
"""Le sigilli Deventer devono essere installati correttamente sulla finestreria per assicurare la massima efficacia termica e l'isolamento acustico."" (Deventer seals must be installed correctly on the window frame to ensure maximum thermal efficiency and acoustic insulation.)","""Los sellados Deventer deben instalarse correctamente en el marco de la ventana para lograr una eficiencia térmica máxima y una aislamiento acústico óptimo.""",ita_Latn,spa_Latn,deventer seals,en
"(Technical sentence in Italian that includes ""monoblocco coibentato presystem"")",The installation of thermal windows requires the use of a pre-assembled and coordinated monobloc system to ensure thermal and structural stability during the assembly process.,ita_Latn,eng_Latn,monoblocco coibentato presystem,en
"(Technical sentence in Italian that includes ""monoblocco coibentato presystem"")",L'installation de fenêtres thermiques exige l'utilisation d'un monobloc coibent coordonné avant l'assemblage pour assurer la stabilité thermique et structurelle.,ita_Latn,fra_Latn,monoblocco coibentato presystem,en
"(Technical sentence in Italian that includes ""monoblocco coibentato presystem"")",La instalación de ventanas termales requiere el uso de un monobloco coordinado y preensamblado para garantizar la estabilidad termal y estructural durante el montaje.,ita_Latn,spa_Latn,monoblocco coibentato presystem,en
[Italian Sentence],[English,ita_Latn,eng_Latn,monoblocco coibentato presystem,en
[Italian Sentence],"La pose de la fenêtre du monobloc coibentato pré-system de Roverplastik doit être effectuée avec une grande précision, en veillant à ce que tous les éléments du système se rejoignent correctement pendant l'installation.",ita_Latn,fra_Latn,monoblocco coibentato presystem,en
[Italian Sentence],"La instalación del monobloco cohibentado presystem de ventanas de Roverplastik debe realizarse con gran precisión, asegurándose de que todos los elementos del sistema se unen correctamente durante la instalación.",ita_Latn,spa_Latn,monoblocco coibentato presystem,en
